,cluster,model,MAE,R2
0,0,RF_PCA,10.403523438490993,0.7841442751318651
1,0,LR_PCA,13.615544763153299,0.6663966528889553
2,1,RF_PCA,15.470895025136938,0.96389159565322
3,1,LR_PCA,58.09049163699016,0.7852603386549558
4,2,RF_PCA,6.705144384687133,0.958679203051982
5,2,LR_PCA,14.809013194863212,0.8922309531755988
