,cluster,model,MAE,R2
0,0,RF_PCA,2.9340307141002335,0.9959666871656637
1,0,LR_PCA,4.144708153113524,0.9928754105037242
2,1,RF_PCA,2.550436847273052,0.997608699000155
3,1,LR_PCA,6.6689095625491,0.9881990225741848
4,2,RF_PCA,1.5499461916461919,0.6151738081214011
5,2,LR_PCA,1.6460361149096558,0.5721101471651853
