,node_name,weighted_efficiency,efficiency,count_measurements
0,0eb86326,0.051271190825080276,512.8358072469026,55845
1,7f3747b5,0.9609018456414411,5503.08332213722,55845
2,ba36d475,0.027562521903303355,581.1728681659138,55845
3,d5a5fc09,0.1219486447284982,2223.0832723168182,55845
4,fe2955c5,0.28958582460714677,4674.937871190001,55845
