,cluster,model,MAE,R2
0,0,RF_PCA,3.35303523038183,0.9974296235926283
1,0,LR_PCA,7.465604387104793,0.9884502749621995
2,1,RF_PCA,4.047051684012964,0.9975563831671281
3,1,LR_PCA,9.469039173673607,0.9865901280600421
4,2,RF_PCA,3.050564057276672,0.998558047838941
5,2,LR_PCA,9.755020901759096,0.9897093641551505
