,cluster,model,MAE,R2
0,0,RF_PCA,2.6519887139395095,0.8901168920342111
1,0,LR_PCA,3.826755225283332,0.8375095554329265
2,1,RF_PCA,2.1733076842873533,0.9646981551274446
3,1,LR_PCA,3.2528498538985593,0.933076309178868
4,2,RF_PCA,1.3014226506024096,0.8564920021711018
5,2,LR_PCA,2.2053099542200436,0.7261232023047943
